Anio,Temp_Promedio,Lluvia_Acum,GDD_Acum,Rend_Maiz,Rend_Cacao,Rend_Arroz
2016,15.528277795708847,434.2,1622.6499999999999,3.2,0.45,4.1
2017,14.919829291531336,942.0,1504.75,3.1,0.42,4.0
2018,14.505688742197695,139.20000000000002,737.4,3.5,0.48,4.3
2019,14.692521389248673,576.8000000000001,1621.65,3.6,0.5,4.5
2020,14.166594836017262,631.6,1496.1,3.0,0.41,3.8
2021,10.784108007257153,888.8000000000001,642.0,3.4,0.46,4.2
2022,13.031436349645306,491.98,1068.5,3.2,0.44,4.0
2023,14.238720915984077,1651.24,1215.6,3.8,0.52,4.7
