{
    "SARIMA": {
        "RMSE": 1.5595206177157503,
        "MAE": 1.227835827652285,
        "MAPE": 8.286955205250024,
        "R2": -0.4410194725479315
    },
    "Random Forest": {
        "RMSE": 0.7401009469139642,
        "MAE": 0.566196081592263,
        "MAPE": 3.956721680522951,
        "R2": 0.6754590315916226
    },
    "XGBoost": {
        "RMSE": 0.7476207805885837,
        "MAE": 0.5805485717644363,
        "MAPE": 4.060635199905807,
        "R2": 0.6688304966705841
    },
    "LSTM": {
        "RMSE": 0.7935033058638982,
        "MAE": 0.6232886605910001,
        "MAPE": 4.341226700818096,
        "R2": 0.6269344997786541
    }
}